{
  "data_min": [
    110.60587310791016
  ],
  "data_max": [
    4812.08740234375
  ],
  "scale": [
    0.00021269891071177643
  ],
  "min": [
    -0.023525748728377458
  ]
}